URL,Dernière exploration
https://codewize-ai.website/blog,2026-04-21
https://www.codewize-ai.website/,2026-02-26
http://codewize-ai.website/,2026-02-25
https://www.codewize-ai.website/blog/multimodal-inference-101-what-omni-models-change-for-real-pr,2026-01-05
https://www.codewize-ai.website/blog/ci-cd-secrets-hygiene-how-attackers-steal-tokens-and-how-to-,2026-01-05
https://www.codewize-ai.website/blog/prompt-injection-defense-a-practical-threat-model-for-tool-u,2026-01-05
https://codewize-ai.website/blog/prompt-injection-defense-a-practical-threat-model-for-tool-u,2026-01-04
https://www.codewize-ai.website/blog/ocr-api-comparison-how-to-choose-the-right-document-ai-stack,2025-12-31
https://www.codewize-ai.website/blog/page/2,2025-12-31
https://www.codewize-ai.website/sitemap.xml,2025-12-31
https://www.codewize-ai.website/blog/url-pattern-api-the-missing-piece-for-safer-cleaner-routing-,2025-12-29
https://codewize-ai.website/blog/ocr-api-comparison-how-to-choose-the-right-document-ai-stack,2025-12-28
https://www.codewize-ai.website/blog,2025-12-27
https://www.codewize-ai.website/blog/react-server-components-security-threat-model-safe-patterns,2025-12-26
http://www.codewize-ai.website/,2025-12-26
https://codewize-ai.website/tools/category/ai-search,2025-12-26
https://www.codewize-ai.website/blog/page/4,2025-12-25
https://codewize-ai.website/blog/mastering-mongodb-schema-design-patterns-a-comprehensive-gui,2025-12-25
https://codewize-ai.website/blog/fastapi-vs-django-vs-flask-the-ultimate-comparison-for-devel,2025-12-25
https://www.codewize-ai.website/contact,2025-12-25
https://codewize-ai.website/blog/ai-vs-human-coding,2025-12-25
https://www.codewize-ai.website/blog/page/3,2025-12-24
https://www.codewize-ai.website/tools,2025-12-24